{
  "train_loss": [
    0.035124,
    0.030897,
    0.030508,
    0.030311,
    0.03005,
    0.030011,
    0.029901,
    0.029847,
    0.029811,
    0.029815,
    0.029747,
    0.029705,
    0.029618,
    0.029601,
    0.029498,
    0.029432,
    0.029365,
    0.029383,
    0.02928,
    0.029315,
    0.029259,
    0.029177,
    0.029124,
    0.029117,
    0.029092,
    0.029073,
    0.029031,
    0.028946,
    0.028949,
    0.028908
  ],
  "val_loss": [
    0.068206,
    0.067498,
    0.067396,
    0.066589,
    0.066602,
    0.066584,
    0.067004,
    0.066832,
    0.066732,
    0.066254,
    0.065992,
    0.066665,
    0.066109,
    0.066071,
    0.065961,
    0.065985,
    0.065936,
    0.065748,
    0.065783,
    0.065696,
    0.065701,
    0.06596,
    0.065689,
    0.065788,
    0.065608,
    0.065548,
    0.065868,
    0.065776,
    0.065582,
    0.065633
  ]
}